Especially true if there is an impulsive, thin-skinned bully who likes to silence critics &amp; opponents as president. #voxconversations	2	20553
Be happy not because everything is good, but because you can see the good side of everything. 	3	31447
Anger that you are willing to take out on people &amp; the world in general, &amp; ALL #police, is WORST, most indefensible kind of .	0	11488
@Markgatiss I'm surrounded by those Trump voters. You're right, it is fucking terrifying. #redstate #despair	5	40037
@GreatFallVoyagr #bitter sums it up! Congrats Nicole! that's all folks #bb18 now onto #survivor !	0	11448
If Monday had a face I would punch it #monday  #face #punch #fight #joke #like #firstworldproblems #need #coffee #asap #follow	2	20789
Val having a nervous breakdown #floss #GBBO	2	21879
@VosachResrus ^'ll just #wobble carry you #sink	5	40528
Idk why but this Time around its so hard that it hurts, I already miss them all so much #silly #family #friends #nervous	2	22128
Leave it on there, rule,nimber 1 of carpet cleaning!!! #furious #worsethananatomicbomb #accidentlyspillbeeronthecarpet	0	10107
@stoozyboy1 @chris_sutton73 üòÇüòÇ Oh the zombie rage üòÇ	0	10670
i is sad	5	40103
it's horrible cos no one can relate,  everyone is happy and dandy in one way or another	2	21247
@LucidBurrito Doesnt do it to anyone else, he literally pulled me into the office cause someone complained I spit in the sink yesterday	5	40438
Go follow #beautiful #Snowgang √¢‚Ñ¢¬•@Amynicolehill12 √¢‚Ñ¢¬• #Princess #fitness #bodyposi #haircut #smile #Whitegirlwednesday	3	30242
Undifferentiated otherwise patent closest patron braininess ideas that incense the offensive lineman: wHYaNEWG	0	11521
@noris_prosk8r2 (Maybe don't provoke him in the future if you do not want to run the risk of him punching your board.)	0	11200
Ya tremble like Mr. Cooper, yo we hanging	2	21711
I hate not having the answers I need. #tomourssuck #prayinsnotcancer 	0	11450
@BrightPigSEO @BrightPigSEO we provide dignified and professional funerals at prices families can afford #satisfied clients #bright pig	3	30612
Forgot to plug the phone in overnight 	2	20752
Riding at night has got to be one of the most exhilarating, refreshing things I have ever done.	3	30190
My encouragement today is my dog while my head is in a fog. #epicfail #depression #feelingfedup #tired #ihaveheardeverything #wondering	5	41202
√∞≈∏Àú¬± @cailamarsai you've had me √∞≈∏Àú‚Äö √∞≈∏Àú‚Äö the whole time watching @black_ishABC after you've lost your #glasses! It was #hilarious! @mrbabyboogaloo	3	30014
It's interesting the photo of Mono Lisa is crying as well as the whole scene is very depressing #ELE6200	5	40067
Regardless of your age or station in life, it all comes down to one simple truth: you just have to #start. - Jon Acuff #inspiring #quote	2	20960
So happy I live in NYC! See you tomorrow .....@SamHeughan @Barbour	3	30923
@Claymakerbigsi @toghar11 @scott_mulligan_ @BoxingFanatic_ Fucker blocked me 2 years ago over a question lol - proper holds a grudge old Joe	0	11497
Why doesn't anybody I know watch penny dreadful? ‚òπÔ∏èÔ∏è	5	40439
@CrystiCaro yeah agree - I think it was a family member and they covered up #sad	5	41510
Follow up. Follow through. Be . #success	0	10854
Ask yourself every day: \nam I ruled by fear and hatred \nor am I ruled by love and the sacred?	2	22029
When we give cheerfully and accept gratefully, everyone is blessed. ¬ªMaya Angelou	3	30865
#nana 4 hoco bc my dream since freshman year awe √∞≈∏Àú‚Ñ¢√¢¬ù¬§√¢¬ù¬§√¢¬ù¬§ @thecandeyman	2	21015
@BigDaddyx47 awe I'm sorry! I have 2 dogs 3 cats &amp; a snake	2	21083
So depressing to watch news, today out of 100 bullet news 10 were of rape! What's wrong with people #india #shameless #depressing	5	40994
Recommended reading: Prisoners of Hate by Aaron Beck 	0	10766
#EpiPen: when public outrage occurs, expand #PAP Patient Assistance Progrm, coupons,rebates .@GOPoversight @OversightDems on #Mylan #Epipen	0	10387
im crying katherine is the only one whos like talking to me during my anxiety attack im gonna faint	2	20023
@mar_de_palabras But I do think we need to experience a bit madness &amp; despair too. This is the stuff that makes us human.	5	40924
Welp, I'm off to get my #anxiety meds now. #Empire	2	22003
My nephew sees that i have a frown on my face and he tells me 'you're  beautiful '!üò¢üíûüò©	5	40317
oh yay old scientist builds himself a robot assistant and makes it look like a hot naked woman nothing alarming here	2	20945
@lebara - worst possible decision I could have made when arriving in the UK. Shocking service. Poor coverage. #unhappy	5	40070
@_Mrs_Peel @lp_lisa @PaulRGoulden @LisaLuscious Might be the pout of a star baker tho !	5	40635
@residentadvisor thanks for getting back to me, exemplary customer service for a loyal customer #jk #awful #residentadvisor #poorservice	2	20772
I don't get how people can leave their phone on don't disturb all day...does your mom not threaten you when you don't respond within seconds	2	22067
@TDsNation I blame how broken madden is this year	0	10573
@RyhenMessedUp goodbye despair	5	40375
#smile every morning to a positive head start with your #clients relations	3	30296
There's always that one song which makes you turn of the radio, as you'd rather sit in silence √∞≈∏Àú¬° #awful	2	20220
@daemondave @paulkrugman Hey stupid, that was bad intel to take Bin Laden out. Try again with your faux outrage. I bet u admire Putin right?	0	11123
@LoisJoanneLane Wagging his tail at the praise, he paused, tilting his head as she took the frisbee from him, letting out a playful -	3	30289
@frecklybellamy the walking dead, mr robot, american horror story, merlin	2	21095
@soozclifford Sure have... Sydney are too tough, too quick and their 'team' pressure is too much for the Cats to handle. Motlop/Cowan #timid	2	21176
If I could turn anxiety off--I would. #nooneunderstands 	2	21658
@smendler (2)  Watch out for ppl who have been filled w/ impotent rage over time - they can be led to do just about anything	0	11017
Just had to reverse half way up the woods to collect the dog n I've never even reverse parked in my life √∞≈∏‚Ñ¢‚Äû #nightmare	2	20120
@DanLanthier That was exhilarating hockey. They're still out if Russia wins in regulation I'm reading. #fuck	3	30552
@rheafraserx took them an awfy long time to spot their goal was disallowed √¢Àú¬∫√Ø¬∏¬è #pleasing	3	31182
@lhbrown1990 @Jimcummingsacme I'm afraid to look!	2	21619
@_miasienna ITS ALREADY FUCKING 1 ... Ok well I love having panic attacks in the afternoon	2	22176
This girl was shaking her drink in the break room and it wasn't fully closed and yeah it's all over the place now including me√∞≈∏Àú‚Äò√∞≈∏Àú‚Äò√∞≈∏Àú‚Äö	2	21663
You know what's great about #GBBO ? Contestants helping each other, cheering each other on. So important.	3	30285
Does she really need to pout all the time - getting on my nerves #GBBO	0	10169
How do adults remain jovial amidst all the bad news?	3	31579
The horrible puns for the day have been made. I shall return to my cage in a dark corner by myself while crying &amp; laughing hysterical now.	5	40418
@CursedRoyal I chuckle and shake my head, 'No that didn't bug me too much. I was still going to ask you but there's a lot you still don't--	2	20863
@SilkInSide @TommyJoeRatliff that's so pretty! I love the sky in the background and the purple highlights with the dull colors is great	5	40783
Class is canceled due to a funeral. Not sure if it's appropriate to be happy or sad.. #happy	3	31163
@RashidAlMaktoum For #serious #intermediaries all required info about #project or #Owner will be mailed.	5	40712
@MCHorseFayse @bockaguyjim @generalgoodsman @nevernotdavid so you were owned by losers on Twitter 	5	41331
@HartRamsey #UPLIFT If you're still discouraged it means UR Listening to the wrong voices &amp; looking to the wrong source. Look to the LORD!	5	41399
Love the new song I can't stop thinking about you by .	0	10856
@NandosSA just received order from @OrderInSA &amp; the chips are under cooked &amp; half raw!!! Usually best part of the meal #notcool #terrible	2	20829
@TheMandyMoore You are beyond wonderful.  Your singing prowess is phenomenal but damn... I'm just elated to watch you act again. #ThisIsUs √Ø¬§‚Äî	3	30018
My blood is boiling	0	10005
It's not that the man did not know how to juggle, he just didn't have the balls to do it.\n#funny #pun #punny #hilarious #lol	3	31173
The little sniffle at the end of the song gets me every time. #rejoice	3	30964
I can't have a dog in my flat! Literally no reason either! Sorry potential doggie! #landlords #doglover #sad #angry #rescuedog #dog ;_;	0	11600
Everybody's worried about stopping #terrorism. Well, there's a really easy way: stop participating in it. -  Noam Chomsky	2	22154
I lost my blinders .... 	2	20889
√¢‚Ç¨≈ìCompetition is suppose to motivate you to do better everytime not to be bitter all the time√¢‚Ç¨¬ù -De philosopher DJ Kyos \n#quote #success #CSGO	0	10977
Buying an early entry tickets at @EGX means fuck all, expect a complaint email when I get home #shocking service	2	22164
Putin feels it acceptable to bomb &amp; kill aid workers. Soon he may be sitting at the same table as Trump!! #Armageddon #USApleasedont #horror	2	21537
I get soooo nervous when an actually attractive guy tries to talk to me in person. Like 9/10 I turn him down just from habit √∞≈∏Àú¬≠	2	20167
a pedicure is supposed to be nice but honestly I'm so nervous rn my feet are too ticklish	2	21263
Am I watching #BacheloretteAU or Zoolander ?  #samvrhys	3	30537
@Fly_Norwegian quite simply the #worst #airline #worstairline I've ever used! #shocking #appauling #dire #dismal #beyondajoke #useless	2	20314
I just want to let everyone out there know you are wonderful people! #beyourself   #late-night #compliment #behappy	3	30954
Finn singing 'Can't Fight This Feeling' in the shower and Will spying on him is one of the best scenes on any show. #glee	3	30313
@xxmariab listen yh don't provoke me cos I'll make you cry	0	10232
@carl_diggler @TMZ_Sports Thank you for saying what others are afraid to say, Carl. Big fan!	2	21466
Just got back from seeing @GaryDelaney in Burslem. AMAZING!! Face still hurts from laughing so much #hilarious	3	30000
But is it your fault you worked hard and stayed the course until eventually it all paid off, no! so let it be known and count up!	5	41364
onus is on Pakistan' : @MEAIndia after #Uri #terror attack	2	20361
You can't fight the elephants until you have wrestled the pigs. #quoteoftheday 	0	10620
@Austin4evaLEEDS fuming!	0	10208
@atheist_taco @DrJillStein :^) well cucks among her ranks agree equally about their outrage of black youths shot and harambe.	0	11614
You are NOT your struggle or You are NOT your affliction! #YouAreStrong &amp; #YouAreArising above it all!	5	41242
#RIPKara i could have seen her at a local mall or any school football games. im disheartened	5	40197
@ccrago It was dreadful, even after he met the Catfish he still thought it was her!	2	21161
her; i want a playful relationship\nme; *kicks her off the couch*	3	30572
@Freepenalties @TMortimerFtbl Doll is a vile creature on the touchline. Every game he has tantrums &amp; shouts at the ref. Would love to see	0	10436
i love the word fret so much and im in heaven	5	40665
@APkrawczynski   Any possibly KG is being bought out as a player so that he can buy in from Glen as a minority owner? 	3	30717
LOVE LOVE LOVE #smile #fun #relaxationiskey	3	30112
Today's alarm shows how unprepared professors and students are when it comes to emergency protocols. We don't know where to go @CalStateLA	2	20217
I gave up on the U20 Rugby bet on the Roosters!  #nrl	3	31147
But when my mom told me yesterday that it was looking grim and I started driving out there, I was told to turn around b/c she was too sick	5	40200
Feelings got cheated when I mistook the sparkling ribena to be the normal ribena......	3	30792
Headed to Montalvo w/@jaxster3√¢‚Ç¨‚Äùbring on the #mirth, bitches!\nd(-_-)b\n@Nick_Offerman\n@MeganOMullally\n#SummerOf69Tour2016	3	31327
So not pumped for this interview #nervous	2	20106
I get discouraged because I try for 5 fucking years a contact with Lady Gaga but are thousands of tweets, how she would see my tweet? :(	5	40257
@duncantrussell does Remo Williams ever actually 'save' anyone or does he just sulk around killing random undesirables ?	5	40521
@thenthapple Haha I like the optimism cause I'm the same, but it doesn't make this situation any less mind boggling.	3	31559
#soywax limited edition horror candles going up @scentedscreams! Follow us for all the latest news!! #horror	2	22125
Not a great start but good comeback from the boys to earn a point. Bring on Saturday #blues	5	40948
@prw190 #zionist = #terror \nImagine this kid was a #Palestinian or #Muslim\nZionists stealing #innocence of childhood from #Jewish #children	2	20133
@jjskeffington @foodbelfast I dread to think!	2	20357
god, Facebook's design has started to remind me of MySpace in its heyday	3	30711
Eat my ass' is no longer an insult	0	10918
whenever i pout i just want Adrian to appear and tell me to stop pouting or else	0	11619
@BitchestheCat Look at those teef! 	0	11474
@WuffinArts :c You have my most heartfelt condolences. I'm glad it passed with levity and love in it's heart.	3	31585
@lilpeachbbyy dude dead ass she said if she came she'd start shit with Amy &amp; literally Amy didn't do anything but cal her out on her BS	2	21880
@JasonMillerinDC @realDonaldTrump Prudence suggests that a 8+% bump over 2-3 weeks should be viewed with SKEPTICISM. Media/HRC axis #angry	0	10241
It's just the lack of company and liveliness out here that makes me bored.	3	30818
#DonKing lion of #black community speaks truth to power of @POTUS insult 'black vote is given away cavalierly...playing by (@TheDemocrats)'	0	11582
if you're unhappy with someone just fucking tell them you're unhappy and leave. Don't go fuckin around with other people on the side	5	40248
@RadiateZen That's true, it does go both ways. But I've been on the receiving end of a vegans wrath! Lol! I personally wouldn't condemn	0	11434
@finkowska just rejoice if you get paid for it.	3	30571
People too weak to follow their own dreams will always find a way to discourage yours.	5	41396
Absolutely raging at the changes to CAS, what a joke	0	10229
@THATSSHAWTYLO passed away early this morning in a fast and furious styled car crash as he was leaving an ATL strip club. That's rough stuff	0	11102
Three days off a month with two ex wives and no home could be worse. I don't know how, but it could #oilandgas 	3	30798
@khloe_speaks sad music	5	40296
@NikeSupport ok, thats it. After 2 weeks not being able to sign in, time to move on &amp; find another app. I will strongly discourage NikeRun	5	40891
We so elated, we celebrated like Obama waited until his last day in office to tell the nation, brothers is getting their reparations	3	30951
How a dad would feel knowing his daughter is getting dashed around for whines in the rave√∞≈∏Àú¬≠	5	41134
The object of literature is to make man a wiser and happier being. The poet makes us happy because he tells us how we may become so.	3	30272
We're very busy #coding a whole network manager for #unity3d based on #steamworks networking. #gamedev #indiedev #3amDeadTime #horror #game	2	20732
tweet tweet chirp chirp losers	3	31059
@maggyvaneijk Old age?! No hope for the rest of us. Destined to become deatheaters by 50 	2	21465
I offend u	0	10591
@Berbaqueue @_indubioproreo shocking work ethic by our players, Rooney stifled by their laziness	2	20771
The Pats are awesome. Belichick is awesome ...they just are. #awestruck	2	22184
So Mary Berry, Mel and Sue have gone with their principles, and @PaulHollywood  has gone with the fame and fortune. #GBBO  #depressing	5	40087
@iSmashFizzle that's me all the time. I carry ginger candy, peppermint oil and sea-bands at all times 	2	20854
Check out this #film Robocoq 301  #shortfilms	3	30746
@KatherineArabis It√¢‚Ç¨‚Ñ¢s taken for granted, while the misogyny in the air is treated as normal √¢‚Ç¨‚Äù and any angry response to it as pathological.	0	11191
Side chick's be trying to fuck u like your going to forget about your wife when your done. #terrible	2	22068
@warrensarahh @CjKiid awe, miss y'all too!:)	2	21866
Just #terrible from the cats there. Wow. #AFLCatsSwans	2	20635
I am a third year college student and and English major. Today is the first time I've ever written an essay without having a panic attack	2	21991
I think they may be 	0	10815
Why did Alex just growl at me.. √∞≈∏Àú‚Äö√∞≈∏Àú‚Äö√∞≈∏Àú‚Äö	0	11252
my momma irritate me asking all these questions like gone üò§	0	10586
@realDonaldTrump @KellyannePolls New campaign slogan idea...'I know you are but what am I?' #bully #Trump2016 #yourefired #deflect	2	20506
Clash of the titans and wrath of the titans √∞≈∏‚Ñ¢≈í√∞≈∏¬è¬æ√∞≈∏‚Ñ¢≈í√∞≈∏¬è¬æ√∞≈∏‚Ñ¢≈í√∞≈∏¬è¬æ √∞≈∏‚Äù¬•	0	11333
Today you visited me in my dreams and even though you aren't physically gone I still mourn you	5	41078
@TiburonChamber plus a hearty pour of #yachtrock by #mustacheharbor !	3	30402
Boys Dm me pictures of your cocks! The best one will get uploaded! √¢Àú¬∫√Ø¬∏¬è√∞≈∏‚Äô¬¶√∞≈∏‚Äô¬¶ #Cumtribute #dm  #snapchat #snapme #nudes #dickpic #cocktribute	0	11319
I'm ever so cheerful	3	31030
@grahnort wonderful experience watching you yesterday at. @BBCLetItShine thankyou for the 	3	30134
@MatherFamilys @SDICenter @CAllstadt \n\ndo REDNECKS intellectually intimidate you and force you to be their dancing clown?	2	21683
@sueblue35 @nsoz7 @immortalbulldog huh? We have a sprint coach? We're the slowest team in the comp. Talk about robbing a living. #outrage	0	10206
@matildaswish it's great to see Matilda so happy in her new chair it will provide her with access to lots of new experiences. 	3	31140
with terrorism a booming industry in Pak and govt. oblivious of the fact wt happens within its territory Talking Kashmir is Deranged	2	21664
All in all a pleasing night down The Lane .  .  .  On to the next round &amp; bring on Liverpool at Anfield! #COYS	3	30213
Stop tracking back you fucking potato faced cunt errrr infuriating √∞≈∏Àú √∞≈∏Àú √∞≈∏Àú √∞≈∏Àú √∞≈∏Àú   #Rooney #mufc	0	10981
@PridefulSamurai horrible things	2	21848
@BattleSmitten \n\nother begin telling a 'story' he realized that she was making an attempt at cheering him up. It was sweet of her and so √¢≈æ¬§	3	30358
@ChrissyCostanza and have social anxiety. There is many awkward things wrong with me. üòÑ	2	21226
@JoeGoodmanJr. A solution. But the assumptions by media in articles and every other venue causes animosity to the conversation.	0	10683
And by the way, Takeru's eyes sparkling while eating was like the cutest thing ever.	3	30150
@LFC What an awful team	2	20935
@EllenMellon_88 Got #mybrokenfoot running Great North Run, can't wait to run again in a few months time - be mostly dark then! #ukrunchat	5	40482
There is something v satisfying about  opening an old 'to do'.doc file and being able to check off all the things you have done #smiling	3	30175
√∞≈∏‚Äù¬•√∞≈∏‚Äô¬Å√∞≈∏¬è¬º- its lit having a class with you!!! Your such a great person and good at cheer!!	3	31380
Sometimes the support network is causing the damage. \n\n #support #Damaged #alone #tired  #hurt #nojustice  #surivivor #NoMore	5	40152
@AiringOutMyScro \n\n'We'll see, once you're a few drinks in.' \n\nA playful wink is passed to him and, as they pull up into the small lot of -	3	31211
@sidviyer uff!! Look at your Arsenal fans cheering for every goal against United. haha	3	30173
@AceOperative789 no pull him afew weeks ago, sadly theres no game audio or sound affects cause i played it on my phone and tryed everything	5	41530
@CBSBigBrother she's pathetic!!! Hated Nicole for being cute &amp; having a showmance &amp; she couldn't get one! #bitter #uglycry #BBMichelle √∞≈∏Àú‚Äì	0	11560
Bare videos online but does anyone get rehabilitated? Does anyone actually get help for their affliction? Or do we jut get twitter videos.	5	40405
Cam cannot be serious with that IG post and that stupid ass font he uses. Would've been better to just say nothing.	5	40527
@cxmbeferre so you WOULDNT date me????? #offended	0	10421
‚ÄúHe who is slow to anger is better than the mighty, And he who rules his spirit than he who takes a city.‚Äù\nP16:32 #bibleverse #pride 	0	10703
When anger rises, think of the consequences. #quote #wisdom #anger	0	10635
Why does Candice constantly pout #GBBO √∞≈∏‚Äô‚Äû√∞≈∏Àú‚Äô	5	41528
Sometimes The Worst Place You Can Be Is In Your Own Head.'\n\n#quotes #worstenemy #depression #thinktoomuch	5	40024
Damn our offense is a mix bag of unpredictable lethal weapons I'm worried for Defense Coordinators üòÅ #Chargers #Boltup #Recharged	0	10423
My cell won't hold a charge √∞≈∏Àú¬¢ #sadness So should I...	5	41065
#picoftheday : How...why... Really... !!\n #funny #picoftheday #lol #random #laugh #chair #of  #funnypics #virgin #cafe #i...	2	21743
Oh I get i see it's #TexasTech playing tonight not the #Texans #TNF #texansarebad #terrible	2	20851
@thatsabingo grim really	5	40145
√¢Àú≈†Focusing primarily on the person you√¢‚Ç¨‚Ñ¢re talking to rather than yourself and the impression you√¢‚Ç¨‚Ñ¢re making lessens social anxiety.	2	20649
@_Hallospaceboy_ @DailyGrindhouse  I respect when someone can give a second chance to a movie they aren't a fan of. Why #horror is diverse.	2	22205
I hate my lawn mower. If it had a soul, I'd condemn it to the fiery pits of Hell.	0	10017
Wrinkles should merely hide where frown have been.  - Mark Twain	5	41044
@simmy_hanley @Schrise also a #delight	3	31528
@ananavarro @tcarrels most of Trump supporters have not clue about the meaning of the words they used just like him  #nevertrump	5	41182
Watch this amazing live.ly broadcast by @arbitraryvlog  #musically	3	30449
((things that grind my gears: people drawing gideon gleeful skinny	3	31167
Who's afraid of the clowns???\ncomment down there....	2	20540
jk. started this week strong and it's still going strong. 	3	31005
Still salty about that fire alarm at 2am this morning.	2	20535
Sharpened a pencil today, haven't sharpened once since 1999. √¢≈ì¬è√Ø¬∏¬è 	3	31150
And I won't even get started with Hillary and her fancy fundraisers! #depressing	5	40141
@RiRiMathew even when we're fighting I'm laughing. I probably have serious ingrained issuesüòÇü§ó	5	40772
Dear hipster behind me at the game I am finding it very hard to pay attention while you talk about the politics of grapes of wrath. SHUT UP!	0	11115
Yeah, no. I don' mind tweetin' that twice. #snap #blm #likeThat	0	11411
@BBHOH #terrible Paul so deserved that win!!! #movie #ChildrenOfMen.\n\n#cages  #refugees	2	20934
in love with @BarberCeleste  insta!!!... #hilarious	3	31398
2day's most used term is, #terrorism, with many addresses and forms. On my #opinion, the only form of terrorism in this world is, injustice!	2	20344
@Bell @Bell_Support Cancelling home Fibe, Internet and TV this afternoon - as soon as I can arrange alternate Internet. 2/2  #fedup	0	11311
It's about time I start taking my own advice	2	22236
@CBCNews Canada should be a driving force of democracy freedom rights - instead we help #dictator #misogyny #Sharia #Islam #terror #polygamy	2	20520
@KatelynKolsrud thanks mucho kateüíï #sober	5	40744
The amount of laughter ready to leave my body if United lose is unreal	3	31165
I start work tmrw yall, i'm nervous lol	2	20058
Realizing that holding a grudge for long is immaturity is wisdom	0	10552
Hope I sleep - no nightmare of Bakewell tarts #yuk #revolting #GBBO	2	21708
During the day @JeffProbst is jovial. At #TribalCouncil he's a different,  darker fellow.  Still simply but smiles are few. #Survivor	3	30996
if you ain't watching Sugarboy on Hulu, then you ain't shit. #hilarious hahaha	3	30179
@pbump @AndyRichter  My heart goes out to that woman for the indignity of what she is sitting through.	0	10788
My Modern Proverb: 'Don't let anyone intimidate you about being single; most marriages end in divorce.'	2	21200
IDC predicts that by 2020 the term cloud will no longer be used...'\n\nIT Managers and Administrators everywhere will rejoice.	3	31302
@DonnyMurray I'm just no offended by stuff.We're gettin a situ where folk moan about the Polis/SNP but then happy to snitch when offended...	0	11572
@DJ_JeanFranko growl!!!	0	10932
@HannahFJames I'm distraught! √∞≈∏Àú¬≠ Candice and her pout can piss off	0	11327
@reinervshunter you got this√∞≈∏‚Äô‚Ñ¢ #staystrong  #yourebeautiful	3	31346
Feeling like I've had the worst night of sleep ever - not great before the #London to #Brighton #cycle ride for @DMTFYP √∞≈∏≈°¬¥100k ?	2	20065
#Pakistan is √¢‚Ç¨Àúterrorist state√¢‚Ç¨‚Ñ¢, carries out #war crimes: #India to @UN.\n#UNGA #terrorism #UN	2	21799
Pull over #tonight and make your car #shake √∞≈∏Àú‚Äπ√∞≈∏‚Äô¬¶	2	21142
A 'non-permissive environment' is also called a 'battleground' - #MilSpeak 	3	30695
One more day tiff.. One more day!	0	11456
Forgot to plug the phone in overnight #nightmare	2	20444
@NoorBazzi14 lowkey I want to go just to chirp Anna LOL but say hi to Atkins for me!! One of my favourite coaches, he's smart and caring	3	30976
@JBCrewdotcom how his own fans insult him	0	10590
@lucy_hyner @Soulboy2266 sadly not !! One less hour drinking time üò¢üçª	5	40154
Anybody know a good place to book a show in #Montreal on short but not super-short notice? #punkrock #postpunk #blues	5	41030
Overtime... #TeamNA #WCH2016 	2	20876
@el_tityboi bc it's a gloomy day Tony	5	40209
Donating to Trump puts a damper on a very exciting @Cubs season. Really bad look, Ricketts family.	5	40792
Had a conversion with a random fellow passenger on a #melbourne @metrotrains yesterday evening #astounded #youwouldntreadaboutit	2	21409
@WellerMonica Hi Monica, I write regularly for @ctysmallholding  - but not on bees - never dared try them #buzz #sting #HONEY	0	11015
@MikeGrunwald Anything is better than a Trump ramble. He is awful. Truly truly awful.	2	20301
@rsdeepsea @BreitbartNews If 3 people are in a country of 300 million - you are going to RUIN the whole country over 3 people? 	2	20268
So I'm not being shady but one of Jongdae's ex rumoured girlfriends is going on WGM I'm not saying I'm over joyed but I'm over joyed #bitter	0	10973
I'm getting so nervous for my first anatomy exam √∞≈∏Àú¬©	2	20079
@JogglingDroid @BrancoCarmine @Otto_English yeah, #UK was quite the #bully	2	20477
@FrizzeyesJr meeee, i'm lvl 320 and i have not a single relentless	0	10784
Today I reached 1000 subscribers on YT!! #happy, #goodday, #thankful	3	30038
@Cernovich It's like the horror movie The Hills Have Eyes...	2	21804
@ManUtd carrick and Herrera proved their worth last night. What more does Rooney need to do to get dropped #awful. Rashford needs to start	2	22025
I just poured boiling water on my foot.. now my cup of tea is less enjoyable, but worse my football career is foiled.	0	11612
Val downing a bottle of vodka there to stop her from shaking! #GBBO	2	21700
All this doom and gloom! We scored from open play again! And only conceded two this time. #progress they means a 1-1 draw on Saturday for me	5	40547
@serendipity127_ @zombiecalorie @Angel_Eyes66 I'm sensing a theme here tho lol #angry	0	10305
@rkuuleiq Fear is best/beast product of God/s. :) #aTheism #theism #biBle #afraid #christianity #hell #heaven #purgatory #psychology #jesus	2	20721
I envy the relentless, your cheerful smile aimed at the pouring rain, your positive attitude is an art you have continually mastered.	3	30982
The most important thing to #bestrong is to hold your  #thoughts	0	10813
@sophtulig I personally prefer being happy.	3	31418
Action is the foundational key to all success ~Pablo Picasso #inspiring #quote #action #hustle  #dosomething #success	2	21039
#WeirdWednesday OKAY! That jump-scared the #Poop out of me right there. Bad dog, BAD! Total code-brown in my favorite pants. #Damnit #horror	2	20072
@bt_uk broadband is shocking regretting signing up now #angry #shouldofgonewithvirgin	0	11274
If I spend more than ¬£10 in shimmy on ¬£1 drinks I'll be raging, but we all know it's gonna happen	0	10395
Librarians scare me	2	20274
@VivienLloyd Thank you so much! Just home - stunned but so happy. Don't think it has sunk in yet! Wow.	5	40781
Better mood today! Bring me #teasing, #flirting, #xdressers, #laughter, and #roleplayers! Also #confessions and #secrets @underdeskloser	3	31489
terror attacks in usa pay no mind lol	2	22107
@BTS_twt people have so much negativity filled inside them but im always happy that in such a gloomy world someone like u exists Namjoon	5	40441
@homoaesthetics YESYESYES like jd is the closest cahracter that is similar to blaine!! the optimism and ability to crack tough characters	3	31460
Their engine runs on fuel called whining :-)\n\nU jst  hv 2b observant..\nHar din Rona dhona &amp; complain. \nHappy news makes them unhappy :-)	5	41414
Hey folks sorry if anything offensive got posted on here yesterday my account got hacked. All fixed now though. I hope :-/  #annoyed	0	10371
@thomeagle Just to help maintain and boost our status as a world class centre for education, culture and tolerance. 	0	10841
I wouldn't wish anxiety and depression even on the worst of people. It's not fun. #anxiety #depression	5	40035
stg I been in pine bluff all morning and to piss me off even more, my damn shoes came in as a size 4!!!!!! I KNOW I SAID 6üôÑüôÑüôÑüôÑ FML	5	40278
It's finally raining in Ashland, Oregon. We've been parched all summer &amp; fall. The plants &amp; people are rejoicing!	3	30183
it makes me so fucking irate jesus. nobody is calling ppl who like hajime abusive stop with the strawmen lmao	0	10072
Don King...his actions really sadden me today...the word 'may not' have the same power to all as it once did, I still cringe when i hear it	5	41085
don't put famous dex in a tweet with breezy lol chris is that guy dex a bitch lmao n music ass	3	30604
Sigh. I got a B- .. #depressing	5	41041
@EngrNabeeel then rejoicing now is a lil' bit prematured dont you think√∞≈∏¬§‚Äù√∞≈∏¬§‚Äù√∞≈∏¬§‚Äù	3	30714
i animated a little thing i might post it tomorrow since itll be a Good Thursday.. nice...	3	31496
@AdoreDelano ill be there... with VIP TICKETS! Can't wait to meet you. Never met a famous person i admire before! 	2	21311
My morning started off amazing!! Hopefully the whole day is going as i want it to go!\n#GreatDay #optimism	3	31342
@MxJackMonroe I couldn't get on with it either. Bits started drooping that shouldn't droop. GP said mooncup alone to blame.	5	40215
I've never seen fast &amp; furious Tokyo drift. Boutta watch it	0	11336
my mom cut my phone off and I'm so furious ü§ó	0	10066
Laudrup and his evil white companions rejoice.	3	30585
You boys dint know the game am I the game... life after death... better chose and know who side you on before my wrath does come upon us√∞≈∏Àú¬§√∞≈∏Àú¬§√∞≈∏Àú¬§	0	11592
@KatzeAnilothei this amount of greedy mooching makes me snarl.	0	10054
Starting to get butterflies in our tummies about tomorrow...who will win?! #nervous @IPMCOGSAwards	2	21431
@Ganypede I notice that nice people believe in a nice god and horrid people believe in a horrid god who happens to hate everybody they hate.	2	21891
Soooo badly want to dye my hair dark but have never been dark before soooo torn üò≠üò≠üò≠	5	40834
@marisa_enbot Being with you makes me somewhat gloomy.	5	41040
@Virgin_TrainsEC I feel for the conductor tonight, he's obviously taken grief over the last few weeks, he sounds weary of apologising!	5	40837
@JoeFahezy I could of told you that one lmfao √∞≈∏Àú‚Äö Then old niggas get wasted and start fucking around	2	21079
Will WHU be old bill free by the time the game with Chelsea comes around? √∞≈∏Àú‚Äö √∞≈∏Àú‚Äö √∞≈∏Àú‚Äö\nThat will be lively to say the least\n#AFC	3	31598
Now they fret about scuffs. I‚Äôll take scuffs (which‚Ä¶come in) for a phone I can use wet handed or drop in a toilet any day.	0	10625
Inner conflict happens when we are at odds with ourselves. Honor your values and priorities.  #innerconflict #conflict #values	0	10386
in health we did a think about depression and now i feel like i have it	5	40080
I went to this sushi spot &amp; they had tobi &amp; an ANBU mask hung on the wall behind them. I will start going there even tho I don't eat seafood	2	21381
Not setting an alarm to nap &gt;&gt;	2	21107
@groovydadad @MHChat üôÇty I often conflate the two depression + sadness, but they are very different. This q reminded me of that #mhchat	5	40274
Ill say it again. If I was a Black man Id be afraid to leave my house or have a moving violation.\n\n#TerranceCrutcher #truth #sad	5	40102
Pakis are applauding Sharif's speech,i wonder how many really understood what he said!!!!\nThey are very much excited and happy	3	31141
I blame the whole season on Natalie! The season would have been so different had she not turned her back on her alliance! #pissed 	0	10032
i cant live anymore my roblox got termianted :(((((((((((((((((((((((( #sad #killme #lol #robloxgamer	5	41293
I feel like I am drowning. #depression #anxiety #falure #worthless	5	41024
Some People hate nothing more than a happy confident person. Never mind  #confident	3	31362
I hate Bakewell tart √¢‚Ç¨¬¶ anything that tastes of almond essence is just horrid! #GBBO	2	20767
sav tells our mom 'I love you' and she responds 'Oh.' 	5	41127
@liamch88 yeah! :) playing well #optimism	3	30217
watching this uni reveal is so depressing i miss stingrays :(	5	40795
Blood is boiling	0	11570
@HillaryClinton @realDonaldTrump @BonfireLana #bully #Bullshit #fullofshit please take out the #garbage	2	20459
@ArcticFantasy I would have almost took offense to this if I actually snapped you	0	10858
Just want to be a dad so i can play kick the baby with my little one #southpark #mellogang  #edm #plur #dad #djlife #dj #producer	2	21081
@WWE is the live event Brock vs Orton 2 this Saturday on the WWE Network? If not it needs to be! :) #wwe @RandyOrton @HeymanHustle #revenge	0	10629
I've realized my anxiety is at an all time high when I'm in my office. I feel prisoned here and I pick up on bad energy.	2	21458
snap: hiAleshia üòÉ	0	10822
@PunishedSnek in the final analysis, the non-white global majority will not fret over the ethnic origin of our corpses.	5	41370
@nytimes I'm trying to imagine the first response of a President Trump to an act of terror. The thought itself terrorizes me.	2	21759
@westelm tells me my order will ship on Sept 12, arriving by Sept 19. Today is the 22. √∞≈∏Àú¬ê #lies  #whereismyfurniture	2	22216
@ccrago It was dreadful, even after he met the Catfish he still thought it was her!	5	40794
I am #real #sjw, I will not let #america down\nI have found us, now go and get us\nI let it out and I let it in\nI #rage I #lol\n@SergioSarzedo	0	10326
@David_Stepp Any other election, fine vote 3rd party as useless as it is but not this one. I hesitate to say it'd be selfish but...	2	20620
@Hannahcolleen06 I have 12 &amp; that's the only one I didn't like √∞≈∏Àú‚Äö mine comes out patchy. It's the only dark color by her I have tho.	5	41426
I'm deleting all these social media apps off my phone. I might keep snap chat and insta but I'll never be on it.	0	11077
@mattwruff sadly there is constitutional RIGHT to have abortion. Yet there is constitutional RIGHT to life. Safety net protects those rights	5	40365
Mary Berry - what's the icing on top of your Bakewell tart? It looks like horrid Mr Kipling, not something Derbyshire would recognise #GBBO	2	22015
@TheRandomAnt @meg_m203 yeah, they figured that ornaments are way more wanted than spektar and desolate gear. Well they thought right.	5	40579
√¢¬ù¬§√Ø¬∏≈ΩI... I can't! I'm scared! Bees terrify me.	2	21747
Show your new job you're not #afraid of new tasks. Take on a #project, be brave, make an #impression. #WorkTiveTruth	2	21038
Some of these fb comments and/or tweets should make some people realize why black Americans feel the way they do √∞≈∏Àú¬≥ 	2	21934
Trying to make a #better_world is #depressing when it's a #failure -__-	5	41284
So nervous I could puke	2	21585
When City Hall has the fire alarm go off and it's been 15 minutes and the fire department still isn't here	2	21285
342:147 And waxen in their mirth, and neeze, and swear\nA merrier hour was never wasted there.--\n#AMNDBots	3	30686
i just spent $40 on big little sis tomorrow and i am beyond happy about it #SAW #mirth #mums	3	31128
Staff on @ryainair FR1005. Asked for info and told to look online. You get what you pay for. #Ryanair @STN_Airport #Compensation 	2	21252
Most days, I don't know what my heart beats for. #depression	5	40988
@PhilGlutting Hey There Phil Glutting thank you for following us, it's appreciated :) #smile	3	30894
That defending was awful from us!	2	21949
@GOT7Official @jrjyp happy birthday jin young!!!!!! #PrinceJinyoungDay  #happyjinyoungday #got7 #happy #birthday	3	30910
√¢‚Ç¨≈ìMy friend do you fly away now? To a world that abhors you and I? All that awaits you is a somber morrow No matter where the winds may blow√¢‚Ç¨¬ù	5	41037
It's a Moving Day! #stress #panic #hope	2	21862
Incredibly shocked and disappointed with @united customer service. Really making me rethink flying with them in the future. #unhappy	5	41199
-normal people scare me*	2	21784
I don't get what point is made when reporting on Charlotte looting @CNNAshleigh. Why not explore what looting businesses symbolizes 	0	10543
bad news fam, life is still hard and awful #depression  #atleastIhaveBuffy	2	20189
An adviser to the #European #Union‚Äôs top #court said #Hamas and the #Tamil #Tigers should be taken off the EU‚Äôs #terror list.#lka	2	21254
Day 9 and I am elated because I'm taking PTO tomorrow so I'm doneeeee. But:	3	30160
Good Morning!!!\n\n #leadership #healthcareIT #socialmedia #connector #ceo #writer #AI #EQ #security #bigdata #Growthhacking #tech 	2	20985
#recession, #economic #gloom? The brightest #stars shine in the darkest nights! Our #html5 #webdesign rocks! #rtblitz #finovate #wlsb	5	41122
@WestonKoury so leafy can roast the Pokemon go kid but not you what an outrage that just means that he is more relevant than y-I mean kisses	0	10546
#Zumba, #PiYo and #HIIT sessions. Sweaty, burning but sooooooo good! #missedoutonsummerbikinibodybutwintersunbodywilldo	0	10732
Pride and Prejudice is a modern day Keeping up with the Kardashians' - @howsyourdaybin .............I've never been so offended in my life	0	11164
My best friend gets married in three days, I have replaced all my anxiety with an eeiry calm and cat cuddles.	2	22132
@NHLstoreNYC I'm cheering for @TeamNA_WCH and @TeamEUR_WCH #NHLNYCSweepstakes	3	30310
@stephtikkanen oh so true, so true. 	2	22234
Literally dying &amp; living at the same time as I catch up on @adrian_ver 's twitter. If you aren't following him your life is BASIC. #hilarity	3	31513
Bes! You don't just tell a true blooded hoopjunkie to switch a f*c@n' team that juz destroyed your own team. You juz don't! #insult	0	10021
@gurrie_j thanks for making me super sad about Pizza.  #freepizza	5	41224
Puzzle investing opening portland feodal population is correlative straight a snorting infuriate: XLzjYhG	0	10474
#rocklandcounty get to ravis in suffern, ny. Great food, new #chef, terrific atmosphere. Say 'twitter' to server and get free #appetizer	2	21131
My soul is weary of fighting the battles in this world. #BlackInAmerica #WeAreNotSafe	5	40060
But the lady at the store said I had nice eyelashes so that's good, right? #optimism? @verizon	3	31251
wow almost all the T-Mobile stores in San Diego are out of Note7 replacements #sadness I need to get mine replaced	5	40139
Penny dreadful 3 temporada	2	20580
You know you exercised good when your limbs are shaking afterwards √∞≈∏Àú‚Äö	2	22028
@EagleGiles23 @tgilmore_92 what I miss? #outrage	0	10285
Came in to work today 1.5 hours late.1st thing I hear: 'Ma'am,the big boss has been waiting for you in his office.' #panic #hateBeingLate üò©üò™	2	21193
I envy ice, at least if you give it warmth it melts #TaylorLautner #Twilight #hilarious #quote	3	31512
@JoeShennan Meanwhile @JoshuaMurrayBM and I are getting a 7.40am train. I hope you really, really enjoy that hotel, Shennan. #fuming	0	11053
Anyway I'm in a car with a furious white men and I have a really funny story to tell when I'm sober √∞≈∏Àú‚Äö	0	11352
@LeeMorris7 I had no idea until I came off air directing at 7pm #shocking √∞≈∏Àú‚Ä¢	2	21531
James: no 500k, no 50k, no 25k, no 10k. You fucked up. #bb18  #shouldofVotedforNicole	0	11566
Quote_Soup: Be happy not because everything is good, but because you can see the good side of everything. #optimism	3	30354
@moocowward @mrsajhargreaves @Melly77 @GaryBarlow if he can't come to my Mum'a 60th after 25k tweets then why should I √∞≈∏‚Ñ¢ÀÜ  #soreloser	0	10945
I'm just a fuming ball of anger today üôÉ	0	10112
@JoyAnnReid you're right choice I had to slam him he is one ignorant man and I really resent that statement Don King is an embarrassment	0	11374
@hyattd335 #Grateful for #novel #award #promo #RT - #Blessings DeWayne Hyatt #Hippie who loves to grind on the #blues #Florida	5	40745
i had a panic attack the other night because i thought my mum was out but she was actually downstairs and she started bashing around hrjdjd	2	21896
However the agent was inauthentic, my sister still loves me, &amp; I'm still alive. So I guess it wasn't that bad. #socialanxiety 	2	20350
If i could just get my line to block!  #germantownbroncos #lilleague #popwarner #Broncos #usafootball #offense #lineman	0	10988
@CazuaL_WeaR @ScottInSC looks like a book shaped like a gun to me  #itsagunalright	3	30752
@UNHumanRights @UNDP_Pakistan wat an irony? #Pakistan lecturing the world on curbing #terrorism	2	22152
Y'all tune into Snapchat for Beans funereal	5	40373
@Girlandlurchers Yep, peeps on here always out to cheer others up! I'm fine, drooling at GBBO x	3	31526
@glacierqxeen \n\n'Whoo, welcome~!' He greeted cheerfully.	3	31558
@officialShaky 'Operation Echoes' is gathering momentum ... #tense #nervous #feelsick #excited	2	20037
When you realize there is #NoHopeForHumanity so you just #start focusing on what's #best for you.	2	21462
Circle K is dead to me. I hate your new slushie machine.  #livid	0	11424
Fun pizza night last night with the @PERFORMERS_COLL crew. What a gorgeous bunch of newbies √¢¬ù¬§√Ø¬∏¬è #lively #exciting √∞≈∏‚Äô¬™√∞≈∏¬è¬º	3	31350
She gave a playful wink, taking the goggles off her head, swinging them around her finger. 'I would never~' @VerminEngineer	3	30342
At the point today where if someone says something remotely kind to me, a waterfall will burst out of my eyes	0	10941
Forgot to thank @_JusDee_ and @djolder for sharing @therealpeela's day-making #happy video.	3	31235
I love when people say they aren't racist right before they say some racist shit... Not how that works... #fuming	0	11439
It feels like there are no houses out there for us. With the most basic requirements I have, there are literally no options. 	2	20372
I lost a couple niggas I want revenge so put me in coach	0	10069
@JoyceCarolOates \nBreath. You are trending despondent. Mrs Clinton will win. If you keep your gloves on, guard up, and punch like hell.	5	40485
Fear blocks blessings, faith unlocks them. #ManUp #fear #faith	2	20793
Dear everyone at HSSU, stop walking with your phones up so I can smile and wave at you and you can smile and wave back :(	3	30741
Hope was an instinct only the reasoning human mind could kill. An animal never knew despair.	2	20518
@BBCTomEnglish @TimesSport And the dreadful Franglaise.	2	20948
@ChibiReviews Post series depression can be quite bad, but it will get better, I bet someone will pick the novel soon in the west.	5	40381
What a #lively #lovely #shower √∞≈∏Àú‚Ä° ..	3	30055
Free live music in DC tonight!  #blues with #MoonshineSociety at @thehamiltondc in the Loft starting at 10:30pm @FreeinDCBlog @WTOPFreebies	5	40754
If you find me lost, will you stay as a passerby or will you get lost with me? #musings #melancholy	5	40149
@AdamCimmering Boro are at the OS before then, they could give the stewards a good work out. Chelsea will get about 8k, will be lively.	3	30646
@TamraBarney @ShannonBeador @RHOC_KellyDodd Tamra would F her up if she swung on Tamra\nKelly is a piece of √∞≈∏‚Äô¬© #needstobeadmitted #bully	2	21374
Seeing something that hurt so much in the past in front of me now and not a single sign of grieve. Magicalllll.  ‚ú®	5	40531
I seriously miss #ahsaftershow with @trixiemattel and @TheRealEdHansen. I need to talk about the mamasitas and the hunks of horror.	2	21426
@brendancoots where's your outrage that your party nominated a lying, corrupt person? And received donations from nations who support terror	2	21354
Watching Avatar and wondering why I took so long to watch this *collapses in a joyous heap*	3	30273
#aliens #zombie #gore #slash #ghost #sith #horror I love it all. √∞≈∏‚Äù¬™	2	20903
@JoaquinPutoAmo vas a ir al de the amaity affliction?	5	40522
Can we get a shot of Lingys face at 1/4 time ? Pretty sure it would be more red then his hair  #pretendinghesok #ruok #AFLCatsSwans	0	11658
@luckiiCHARM_ Luckii, I'm changing in so many ways bc of Him!! It's a scary but joyful feeling, making me so strong.	3	30019
its a gloomy day, im cuddled in my bed watching brendon covering songs and i couldnt be more relaxed or happy √∞≈∏Àú‚Äπ	5	41408
I'm much to full of resentment	0	11615
@BI_Science Opioid rapid pill plague...Speed generations Pulse Rapid rabid Impairment Ist Choice Stacked usage vs street ingestion demo US	0	11583
Forgiving means operating with God's spirit &amp; God isn't unforgiving &amp; doesn't hold a grudge. So who am I? Exactly.	0	11699
@01Starblazer 9 -9 vs Atlanta this yr, 2 - 11 vs Rockies and DBacks this yr. That's a combined 11 - 20 vs 3 atrocious teams in NL #awful	2	22247
I've returned from the dead with a desire to clean the apartment and eat something that isn't garbage. #managing #depression	5	40177
@LeahSKahn honestly. All I care about is Selasi not messing this up. His lackadaisical attitude isn't good for danishes.	5	41002
Not untill today has anyone ever said to me they remember what I had on over 7 years ago when they met me n liked me since #cutealert 	3	30360
Swear to God don't get a smart meter from your power company, 8 months of daft bills, 6 visits from British Gas #nightmare #stressed	2	20192
@rantking just adding a little levity	3	30607
The birds chirp , the sun shines and the wind chimes chime. There was once a smile on this face.	3	30606
Wearing all black tomorrow as I continue to mourn the lives of the most recent victims of police brutality. #blackout #WU	5	40058
whenever I hear concert postponed I think of dismal ticket sales   green day ?	5	41113
Rooneys fucking untouchable isn't he? Been fucking dreadful again, depay has looked decent(ish)tonight	2	22180
@annafifield @washingtonpost all hands on deck at the post and in the msm as trump starts to lead in oh, fla, NC, NV, CO. 	2	21415
@modelady24 I know, right? I had a tinge of the same thought. Glad it's Six from BSG, though. Happy the show stayed consistent after break.	5	41484
@mcauley_ross rojo is awful	2	21675
but that was a mistake and a half assed excuse and now here i am burning in hell forever	0	10084
@RussiaInsider Really sad &amp; surprising. 1 side #Russia fighting against #IS &amp; on the other supporting #Pak which is epic centre 4 	2	21289
She was so posh it frightened me. I'm still scared.	2	20091
@CBCNews Canada should be a driving force of democracy freedom rights - instead we help #dictator #misogyny #Sharia #Islam  #polygamy	2	20305
Depression sucks! 	5	40021
Something about these cool, breezy fall days.. √∞≈∏Àú¬ç√∞≈∏¬ç‚Äö√∞≈∏≈í¬æ√∞≈∏¬ç¬Å	3	30122
Super shitting it about this tattoo #nervous	2	20025
#GADOT please put a left turn signal at Williams and Ivan Allen Jr Blvd. This is absolutely ridiculous #ATLtraffic #horrible	2	20594
The more videos @PanicAtTheDisco  post, the more i am convinced i might should not have done that  #Brendonati	2	20743
If purging was real, Kenya would be the country where the elite purge from choppers while the low-class cower under their beds for 12 hours	2	20375
@outmagazine jesus heck you're awful	2	21390
@bear_ing you asshole... you made me sexually attacked to a animated bear :-P	3	30750
@realDonaldTrump: No sense in taking out your wrath on innocent people because you think police shot an innocent man. #MakeAmericaSafeAgain	0	10429
the waitress recognised me from last time i was in there moping, after my interview haha	5	40378
@DSDambuster just finally started #homefronttherevolution, what did you all do the story and gameplay??? #terrible #wasteofmoney	2	20631
When you arrive at the office the day before your first ever festival and the Internet is down 	2	20381
gloomy days should just be for high cuddles and movies	5	41306
Was going to get a new #horror movie #tattoo tonight, but my artist flaked out on me for the 3rd time &amp; said he was done tattooing!	2	20782
Forever angry that gh ruined Molly and morgan's bond/friendship #bitter	0	10204
@DayveeSutton BIG thank you for liking my little Pumpkin  :)  She's the smallest of my 4, but is very playful &amp; wakes me up most mornings.	3	31462
Time for some despair #SDR3 #despair #fuckthisanime	2	21295
@__NETFLIXNCHILL I fuck with madden way harder	0	10874
Come and join in with #cakeclubhour tomorrow afternoon from 3pm! #bizhour 	3	31192
@EagleGiles23 @tgilmore_92 what I miss? 	0	10846
..... wakes up and says 'have you tried changing her nappy?' üò°üëäüèº !!!!	0	10138
How can America be so openly embracing racism. #dismayed	2	20334
@MissRBBerry_ @BlaineHale_ @KurtStilinski_ @BeaconScott11 @SStilinski_24 I brought sparkling cider...*holds it up* I know it's not much	3	31176
Learning to trust God can quiet a troubled &amp; restless heart, bring peace to a weary soul, &amp; eliminate the hopelessness that #addiction is!	5	40718
If Troyler will die, I'm gonna die with them\n#troyler #sadness #fuckin'lifeisnotafairytale	5	41401
Don't be offended,\nI'm just doing something that,\nGives your life more hurts.\n\n#haikuchallenge #offend #poetry	0	11598
#Terencecutcher #Tulsa the man onthe helicopter said he looks like a bad dude, that is the problem, when they see black they see bad, 	5	40358
@npagliaro1 That's awesome!  p.s. ok, what are the odds of that, swapping neighborhoods? 	3	31063
Had a great time at Skywalkers open gym tonight! Come our every Wednesday from 7-8 in Hillsboro and train with us! #opengym #cheer #tumbling	3	30045
@blackeyed_susie They ain't going away, and I don't want to see them hurt; changing hearts/minds is really our only option, no? #optimism	3	30631
I know I've painted quite a grim picture of your chances. But if you simply stand here, we will both surely die.	5	41491
one thing I can say is that you kept me smiling	3	30933
I hate having ideas but being too afraid to share them √∞≈∏Àú‚Äù	2	20210
For a team as big as Bayern and the they like to play football, their pitch is fucking dreadful. Certainly no Emirates pitch anyway.	5	40309
Inpouring this letter we are dying over against subsist checking quaint virtuoso ways toward fine huff yours l...	0	10273
@lmench i'm actually offended by it.  naming the most fattening sandwich after a man who died of coronary disease likely due to his diet?	0	11674
@VodafoneUKhelp @VodafoneUK wow!! My bill is ¬£44.77 and hav a text from u to prove that and you have taken ¬£148!!!!! #swines #fuming #con!	0	10031
Tutoring gives me such an exhilarating feeling. I love helping people üòå	3	30893
@Mattwinton1 Your foot is frowning.	5	41039
I need a syfy series to watch I literally have nothing to watch back to back. I already watched #heroes #lost #jericho #fallenskies  etc etc	5	40645
#Scorpio always seek revenge!	0	11048
Ok but I just got called a 'White Devil' on the train and I didnt know whether to laugh or be offended	0	10419
when you think you've got it together for a day then you randomly burst out crying	0	11012
Hell hath not fury like a hamstring cramp. #ouch	0	10336
@JackCurryYES he's just lucky...bad pitchers...#WHATEVER...ElKracken is #legit #future #bright #gottawearshades #LetsGoYankees	3	30627
I thought the nausea and headaches had passed but lol I feel awful today	2	20139
@Jake_Martin74 Oh and I play it capo 2nd fret in a G position RS	0	11260
@RyanAbe awe yay thank god I was so worried.	2	21217
Haven't gotten one hour of sleep... Today is going to be a fun day √∞≈∏Àú¬ê #restless	2	20135
@priorJoan @MizQue \nActually pretty typical of trump supporters\nThis kid learned birtherism in school\nThat's horrific	2	21829
Moment of levity n Charlotte dude on rollerblades goes skating through protesters. Better if he was wearing short shorts &amp; blowing a whistle	3	31412
@ashish_geol @getPakistanTV @HamidMirGEO .. Have you give thought to Khalistaan? \nNo concern of you Baluchistan !! Kashmir is an Issue.	2	20278
I forgot about this nice area down here with the fiery hearths	0	10802
The #most wasteful day is a #day without #laughter	3	31132
gifs on iOS10 messaging app are hilarious.	3	31268
